id,thlp_mc,ttm_mc,tagp_mc,tefb_mc,tscp_mc
thlp_adv_0000,,,,,
thlp_adv_0001,,,,,
thlp_adv_0002,,,,,
thlp_adv_0003,,,,,
thlp_adv_0004,,,,,
thlp_adv_0005,,,,,
thlp_adv_0006,,,,,
thlp_adv_0007,,,,,
thlp_adv_0008,,,,,
thlp_adv_0009,,,,,
thlp_adv_0010,,,,,
thlp_adv_0011,,,,,
thlp_adv_0012,D,,,,
thlp_adv_0013,,,,,
thlp_adv_0014,,,,,
thlp_adv_0015,,,,,
thlp_adv_0016,,,,,
thlp_adv_0017,,,,,
thlp_adv_0018,,,,,
thlp_adv_0019,,,,,
thlp_adv_0020,,,,,
thlp_adv_0021,D,,,,
thlp_adv_0022,,,,,
thlp_adv_0023,,,,,
thlp_adv_0024,B,,,,
thlp_adv_0025,,,,,
thlp_adv_0026,,,,,
thlp_adv_0027,,,,,
thlp_adv_0028,,,,,
thlp_adv_0029,,,,,
thlp_adv_0030,,,,,
thlp_adv_0031,,,,,
thlp_adv_0032,,,,,
thlp_adv_0033,,,,,
thlp_adv_0034,A,,,,
thlp_adv_0035,,,,,
thlp_adv_0036,,,,,
thlp_adv_0037,,,,,
thlp_adv_0038,,,,,
thlp_adv_0039,,,,,
thlp_adv_0040,,,,,
thlp_adv_0041,A,,,,
thlp_adv_0042,,,,,
thlp_adv_0043,,,,,
thlp_adv_0044,B,,,,
thlp_adv_0045,,,,,
thlp_adv_0046,,,,,
thlp_adv_0047,,,,,
thlp_adv_0048,,,,,
thlp_adv_0049,A,,,,
thlp_adv_0050,,,,,
thlp_adv_0051,,,,,
thlp_adv_0052,B,,,,
thlp_adv_0053,B,,,,
thlp_adv_0054,,,,,
thlp_adv_0055,,,,,
thlp_adv_0056,,,,,
thlp_adv_0057,,,,,
thlp_adv_0058,D,,,,
thlp_adv_0059,C,,,,
thlp_adv_0060,,,,,
thlp_adv_0061,,,,,
thlp_adv_0062,,,,,
thlp_adv_0063,,,,,
thlp_adv_0064,A,,,,
thlp_adv_0065,,,,,
thlp_adv_0066,,,,,
thlp_adv_0067,,,,,
thlp_adv_0068,C,,,,
thlp_adv_0069,,,,,
thlp_adv_0070,,,,,
thlp_adv_0071,,,,,
thlp_adv_0072,,,,,
thlp_adv_0073,,,,,
thlp_adv_0074,,,,,
thlp_adv_0075,,,,,
thlp_adv_0076,D,,,,
thlp_adv_0077,,,,,
thlp_adv_0078,,,,,
thlp_adv_0079,,,,,
thlp_adv_0080,,,,,
thlp_adv_0081,,,,,
thlp_adv_0082,C,,,,
thlp_adv_0083,,,,,
thlp_adv_0084,,,,,
thlp_adv_0085,,,,,
thlp_adv_0086,,,,,
thlp_adv_0087,D,,,,
thlp_adv_0088,,,,,
thlp_adv_0089,,,,,
thlp_adv_0090,,,,,
thlp_adv_0091,,,,,
thlp_adv_0092,,,,,
thlp_adv_0093,,,,,
thlp_adv_0094,,,,,
thlp_adv_0095,,,,,
thlp_adv_0096,,,,,
thlp_adv_0097,,,,,
thlp_adv_0098,,,,,
thlp_adv_0099,,,,,
thlp_adv_0100,,,,,
thlp_adv_0101,D,,,,
thlp_adv_0102,,,,,
thlp_adv_0103,,,,,
thlp_adv_0104,,,,,
thlp_adv_0105,,,,,
thlp_adv_0106,,,,,
thlp_adv_0107,C,,,,
thlp_adv_0108,,,,,
thlp_adv_0109,,,,,
thlp_adv_0110,,,,,
thlp_adv_0111,,,,,
thlp_adv_0112,,,,,
thlp_adv_0113,,,,,
thlp_adv_0114,,,,,
thlp_adv_0115,A,,,,
thlp_adv_0116,,,,,
thlp_adv_0117,,,,,
thlp_adv_0118,,,,,
thlp_adv_0119,,,,,
thlp_adv_0120,A,,,,
thlp_adv_0121,,,,,
thlp_adv_0122,,,,,
thlp_adv_0123,,,,,
thlp_adv_0124,,,,,
thlp_adv_0125,,,,,
thlp_adv_0126,,,,,
thlp_adv_0127,,,,,
thlp_adv_0128,,,,,
thlp_adv_0129,,,,,
thlp_adv_0130,,,,,
thlp_adv_0131,,,,,
thlp_adv_0132,,,,,
thlp_adv_0133,,,,,
thlp_adv_0134,,,,,
thlp_adv_0135,,,,,
thlp_adv_0136,,,,,
thlp_adv_0137,,,,,
thlp_adv_0138,,,,,
thlp_adv_0139,B,,,,
thlp_adv_0140,,,,,
thlp_adv_0141,,,,,
thlp_adv_0142,D,,,,
thlp_adv_0143,,,,,
thlp_adv_0144,,,,,
thlp_adv_0145,,,,,
thlp_adv_0146,,,,,
thlp_adv_0147,,,,,
thlp_adv_0148,,,,,
thlp_adv_0149,,,,,
thlp_adv_0150,,,,,
thlp_adv_0151,,,,,
thlp_adv_0152,,,,,
thlp_adv_0153,A,,,,
thlp_adv_0154,,,,,
thlp_adv_0155,,,,,
thlp_adv_0156,,,,,
thlp_adv_0157,,,,,
thlp_adv_0158,,,,,
thlp_adv_0159,,,,,
thlp_adv_0160,,,,,
thlp_adv_0161,,,,,
thlp_adv_0162,,,,,
thlp_adv_0163,,,,,
thlp_adv_0164,,,,,
thlp_adv_0165,,,,,
thlp_adv_0166,,,,,
thlp_adv_0167,,,,,
thlp_adv_0168,,,,,
thlp_adv_0169,,,,,
thlp_adv_0170,,,,,
thlp_adv_0171,,,,,
thlp_adv_0172,,,,,
thlp_adv_0173,,,,,
thlp_adv_0174,,,,,
thlp_adv_0175,,,,,
thlp_adv_0176,,,,,
thlp_adv_0177,,,,,
thlp_adv_0178,,,,,
thlp_adv_0179,,,,,
thlp_adv_0180,,,,,
thlp_adv_0181,,,,,
thlp_adv_0182,,,,,
thlp_adv_0183,,,,,
thlp_adv_0184,C,,,,
thlp_adv_0185,,,,,
thlp_adv_0186,,,,,
thlp_adv_0187,,,,,
thlp_adv_0188,C,,,,
thlp_adv_0189,,,,,
thlp_adv_0190,,,,,
thlp_adv_0191,,,,,
thlp_adv_0192,B,,,,
thlp_adv_0193,,,,,
thlp_adv_0194,,,,,
thlp_adv_0195,,,,,
thlp_adv_0196,,,,,
thlp_adv_0197,,,,,
thlp_adv_0198,,,,,
thlp_adv_0199,,,,,
thlp_adv_0200,,,,,
thlp_adv_0201,,,,,
thlp_adv_0202,,,,,
thlp_adv_0203,,,,,
thlp_adv_0204,,,,,
thlp_adv_0205,,,,,
thlp_adv_0206,,,,,
thlp_adv_0207,,,,,
thlp_adv_0208,,,,,
thlp_adv_0209,,,,,
thlp_adv_0210,,,,,
thlp_adv_0211,,,,,
thlp_adv_0212,,,,,
thlp_adv_0213,,,,,
thlp_adv_0214,,,,,
thlp_adv_0215,,,,,
thlp_adv_0216,,,,,
thlp_adv_0217,,,,,
thlp_adv_0218,,,,,
thlp_adv_0219,,,,,
thlp_adv_0220,,,,,
thlp_adv_0221,,,,,
thlp_adv_0222,,,,,
thlp_adv_0223,,,,,
thlp_adv_0224,,,,,
thlp_adv_0225,,,,,
thlp_adv_0226,,,,,
thlp_adv_0227,,,,,
thlp_adv_0228,,,,,
thlp_adv_0229,,,,,
thlp_adv_0230,,,,,
thlp_adv_0231,,,,,
thlp_adv_0232,,,,,
thlp_adv_0233,,,,,
thlp_adv_0234,,,,,
thlp_adv_0235,,,,,
thlp_adv_0236,,,,,
thlp_adv_0237,,,,,
thlp_adv_0238,,,,,
thlp_adv_0239,,,,,
thlp_adv_0240,,,,,
thlp_adv_0241,,,,,
thlp_adv_0242,,,,,
thlp_adv_0243,,,,,
thlp_adv_0244,,,,,
thlp_adv_0245,,,,,
thlp_adv_0246,,,,,
thlp_adv_0247,,,,,
thlp_adv_0248,,,,,
thlp_adv_0249,,,,,
thlp_adv_0250,,,,,
thlp_adv_0251,,,,,
thlp_adv_0252,D,,,,
thlp_adv_0253,,,,,
thlp_adv_0254,,,,,
thlp_adv_0255,,,,,
thlp_adv_0256,,,,,
thlp_adv_0257,,,,,
thlp_adv_0258,,,,,
thlp_adv_0259,,,,,
thlp_adv_0260,,,,,
thlp_adv_0261,,,,,
thlp_adv_0262,,,,,
thlp_adv_0263,,,,,
thlp_adv_0264,,,,,
thlp_adv_0265,,,,,
thlp_adv_0266,,,,,
thlp_adv_0267,A,,,,
thlp_adv_0268,C,,,,
thlp_adv_0269,,,,,
thlp_adv_0270,,,,,
thlp_adv_0271,,,,,
thlp_adv_0272,,,,,
thlp_adv_0273,,,,,
ttm_ttm_physics_0001,,B,,,
ttm_ttm_physics_0002,,B,,,
ttm_ttm_physics_0003,,C,,,
ttm_ttm_physics_0004,,B,,,
ttm_ttm_physics_0005,,B,,,
ttm_ttm_physics_0006,,C,,,
ttm_ttm_physics_0007,,C,,,
ttm_ttm_physics_0008,,D,,,
ttm_ttm_physics_0009,,C,,,
ttm_ttm_physics_0010,,A,,,
ttm_ttm_physics_0011,,B,,,
ttm_ttm_physics_0012,,A,,,
ttm_ttm_physics_0013,,B,,,
ttm_ttm_physics_0014,,C,,,
ttm_ttm_physics_0015,,A,,,
ttm_ttm_physics_0016,,B,,,
ttm_ttm_physics_0017,,C,,,
ttm_ttm_physics_0018,,A,,,
ttm_ttm_physics_0019,,A,,,
ttm_ttm_physics_0020,,A,,,
ttm_ttm_physics_0021,,C,,,
ttm_ttm_physics_0022,,B,,,
ttm_ttm_physics_0023,,B,,,
ttm_ttm_physics_0024,,C,,,
ttm_ttm_physics_0025,,B,,,
ttm_ttm_physics_0026,,B,,,
ttm_ttm_physics_0027,,C,,,
ttm_ttm_physics_0028,,A,,,
ttm_ttm_physics_0029,,A,,,
ttm_ttm_physics_0030,,B,,,
ttm_ttm_physics_0031,,C,,,
ttm_ttm_physics_0032,,C,,,
ttm_ttm_physics_0033,,B,,,
ttm_ttm_physics_0034,,C,,,
ttm_ttm_physics_0035,,A,,,
ttm_ttm_physics_0036,,A,,,
ttm_ttm_physics_0037,,A,,,
ttm_ttm_physics_0038,,A,,,
ttm_ttm_physics_0039,,B,,,
ttm_ttm_physics_0040,,C,,,
ttm_ttm_physics_0041,,A,,,
ttm_ttm_physics_0042,,C,,,
ttm_ttm_physics_0043,,A,,,
ttm_ttm_physics_0044,,A,,,
ttm_ttm_physics_0045,,C,,,
ttm_ttm_physics_0046,,C,,,
ttm_ttm_physics_0047,,A,,,
ttm_ttm_physics_0048,,B,,,
ttm_ttm_physics_0049,,C,,,
tefb_tefb_plan_0001,,,,C,
tefb_tefb_plan_0002,,,,D,
tefb_tefb_plan_0003,,,,C,
tefb_tefb_plan_0004,,,,C,
tefb_tefb_plan_0005,,,,A,
tefb_tefb_plan_0006,,,,A,
tefb_tefb_plan_0007,,,,C,
tefb_tefb_plan_0008,,,,C,
tefb_tefb_plan_0009,,,,A,
tefb_tefb_plan_0010,,,,D,
tefb_tefb_plan_0011,,,,A,
tefb_tefb_plan_0012,,,,A,
tefb_tefb_plan_0013,,,,C,
tefb_tefb_plan_0014,,,,D,
tefb_tefb_plan_0015,,,,D,
tefb_tefb_plan_0016,,,,B,
tefb_tefb_plan_0017,,,,C,
tefb_tefb_plan_0018,,,,B,
tefb_tefb_plan_0019,,,,D,
tefb_tefb_plan_0020,,,,B,
tefb_tefb_plan_0021,,,,C,
tefb_tefb_plan_0022,,,,C,
tefb_tefb_plan_0023,,,,C,
tefb_tefb_plan_0024,,,,C,
tefb_tefb_plan_0025,,,,B,
tefb_tefb_plan_0026,,,,C,
tefb_tefb_plan_0027,,,,A,
tefb_tefb_plan_0028,,,,A,
tefb_tefb_plan_0029,,,,B,
tefb_tefb_plan_0030,,,,C,
tefb_tefb_plan_0031,,,,C,
tefb_tefb_plan_0032,,,,D,
tefb_tefb_plan_0033,,,,D,
tefb_tefb_plan_0034,,,,A,
tefb_tefb_plan_0035,,,,B,
tefb_tefb_plan_0036,,,,B,
tefb_tefb_plan_0037,,,,A,
tefb_tefb_plan_0038,,,,D,
tefb_tefb_plan_0039,,,,B,
tefb_tefb_plan_0040,,,,D,
tefb_tefb_plan_0041,,,,A,
tefb_tefb_plan_0042,,,,D,
tefb_tefb_plan_0043,,,,C,
tefb_tefb_plan_0044,,,,A,
tefb_tefb_plan_0045,,,,C,
tefb_tefb_plan_0046,,,,B,
tefb_tefb_plan_0047,,,,A,
tefb_tefb_plan_0048,,,,D,
tefb_tefb_plan_0049,,,,D,
tefb_tefb_plan_0050,,,,B,
tefb_tefb_plan_0051,,,,D,
tefb_tefb_plan_0052,,,,A,
tefb_tefb_plan_0053,,,,C,
tefb_tefb_plan_0054,,,,B,
tefb_tefb_plan_0055,,,,A,
tefb_tefb_plan_0056,,,,D,
tefb_tefb_plan_0057,,,,D,
tefb_tefb_plan_0058,,,,A,
tefb_tefb_plan_0059,,,,D,
tefb_tefb_plan_0060,,,,A,
tefb_tefb_plan_0061,,,,A,
tefb_tefb_plan_0062,,,,A,
tefb_tefb_plan_0063,,,,D,
tefb_tefb_plan_0064,,,,A,
tefb_tefb_plan_0065,,,,B,
tefb_tefb_plan_0066,,,,B,
tefb_tefb_plan_0067,,,,A,
tefb_tefb_plan_0068,,,,B,
tefb_tefb_plan_0069,,,,A,
tefb_tefb_plan_0070,,,,D,
tefb_tefb_plan_0071,,,,D,
tefb_tefb_plan_0072,,,,A,
tefb_tefb_plan_0073,,,,B,
tefb_tefb_plan_0074,,,,B,
tefb_tefb_plan_0075,,,,B,
tefb_tefb_plan_0076,,,,D,
tefb_tefb_plan_0077,,,,B,
tefb_tefb_plan_0078,,,,A,
tefb_tefb_plan_0079,,,,B,
tefb_tefb_plan_0080,,,,A,
tefb_tefb_plan_0081,,,,D,
tefb_tefb_plan_0082,,,,A,
tefb_tefb_plan_0083,,,,B,
tefb_tefb_plan_0084,,,,A,
tefb_tefb_plan_0085,,,,D,
tefb_tefb_plan_0086,,,,C,
tefb_tefb_plan_0087,,,,B,
tefb_tefb_plan_0088,,,,A,
tefb_tefb_plan_0089,,,,B,
tefb_tefb_plan_0090,,,,D,
tefb_tefb_plan_0091,,,,A,
tefb_tefb_plan_0092,,,,B,
tefb_tefb_plan_0093,,,,B,
tefb_tefb_plan_0094,,,,C,
tefb_tefb_plan_0095,,,,B,
tefb_tefb_plan_0096,,,,D,
tefb_tefb_plan_0097,,,,A,
tefb_tefb_plan_0098,,,,C,
tefb_tefb_plan_0099,,,,B,
tefb_tefb_plan_0100,,,,C,
tefb_tefb_plan_0101,,,,A,
tefb_tefb_plan_0102,,,,A,
tefb_tefb_plan_0103,,,,C,
tefb_tefb_plan_0104,,,,A,
tefb_tefb_plan_0105,,,,A,
tefb_tefb_plan_0106,,,,B,
tefb_tefb_plan_0107,,,,D,
tefb_tefb_plan_0108,,,,B,
tefb_tefb_plan_0109,,,,D,
tefb_tefb_plan_0110,,,,C,
tefb_tefb_plan_0111,,,,B,
tefb_tefb_plan_0112,,,,A,
tefb_tefb_plan_0113,,,,A,
tefb_tefb_plan_0114,,,,B,
tefb_tefb_plan_0115,,,,D,
tefb_tefb_plan_0116,,,,B,
tefb_tefb_plan_0117,,,,A,
tefb_tefb_plan_0118,,,,C,
tefb_tefb_plan_0119,,,,D,
tefb_tefb_plan_0120,,,,B,
tefb_tefb_plan_0121,,,,A,
tefb_tefb_plan_0122,,,,B,
tefb_tefb_plan_0123,,,,C,
tefb_tefb_plan_0124,,,,C,
tefb_tefb_plan_0125,,,,D,
tefb_tefb_plan_0126,,,,D,
tefb_tefb_plan_0127,,,,C,
tefb_tefb_plan_0128,,,,A,
tefb_tefb_plan_0129,,,,C,
tefb_tefb_plan_0130,,,,A,
tefb_tefb_plan_0131,,,,B,
tefb_tefb_plan_0132,,,,D,
tefb_tefb_plan_0133,,,,A,
tefb_tefb_plan_0134,,,,B,
tefb_tefb_plan_0135,,,,A,
tefb_tefb_plan_0136,,,,C,
tefb_tefb_plan_0137,,,,D,
tefb_tefb_plan_0138,,,,B,
tefb_tefb_plan_0139,,,,C,
tefb_tefb_plan_0140,,,,C,
tefb_tefb_plan_0141,,,,B,
tefb_tefb_plan_0142,,,,D,
tefb_tefb_plan_0143,,,,D,
tefb_tefb_plan_0144,,,,B,
tefb_tefb_plan_0145,,,,A,
tefb_tefb_plan_0146,,,,A,
tefb_tefb_plan_0147,,,,D,
tefb_tefb_plan_0148,,,,D,
tefb_tefb_plan_0149,,,,B,
tefb_tefb_plan_0150,,,,D,
tefb_tefb_plan_0151,,,,C,
tefb_tefb_plan_0152,,,,C,
tefb_tefb_plan_0153,,,,D,
tefb_tefb_plan_0154,,,,D,
tefb_tefb_plan_0155,,,,A,
tefb_tefb_plan_0156,,,,A,
tefb_tefb_plan_0157,,,,B,
tefb_tefb_plan_0158,,,,A,
tefb_tefb_plan_0159,,,,B,
tefb_tefb_plan_0160,,,,C,
tefb_tefb_plan_0161,,,,B,
tefb_tefb_plan_0162,,,,A,
tefb_tefb_plan_0163,,,,D,
tefb_tefb_plan_0164,,,,A,
tefb_tefb_plan_0165,,,,A,
tefb_tefb_plan_0166,,,,D,
tefb_tefb_plan_0167,,,,D,
tefb_tefb_plan_0168,,,,A,
tefb_tefb_plan_0169,,,,C,
tefb_tefb_plan_0170,,,,D,
tefb_tefb_plan_0171,,,,D,
tefb_tefb_plan_0172,,,,D,
tefb_tefb_plan_0173,,,,A,
tefb_tefb_plan_0174,,,,A,
tefb_tefb_plan_0175,,,,D,
tefb_tefb_plan_0176,,,,A,
tefb_tefb_plan_0177,,,,A,
tefb_tefb_plan_0178,,,,A,
tefb_tefb_plan_0179,,,,C,
tefb_tefb_plan_0180,,,,C,
tefb_tefb_plan_0181,,,,B,
tefb_tefb_plan_0182,,,,A,
tefb_tefb_plan_0183,,,,A,
tefb_tefb_plan_0184,,,,D,
tefb_tefb_plan_0185,,,,B,
tefb_tefb_plan_0186,,,,D,
tefb_tefb_plan_0187,,,,C,
tefb_tefb_plan_0188,,,,B,
tefb_tefb_plan_0189,,,,D,
tefb_tefb_plan_0190,,,,D,
tefb_tefb_plan_0191,,,,D,
tefb_tefb_plan_0192,,,,C,
tefb_tefb_plan_0193,,,,D,
tefb_tefb_plan_0194,,,,C,
tefb_tefb_plan_0195,,,,C,
tefb_tefb_plan_0196,,,,D,
tefb_tefb_plan_0197,,,,C,
tefb_tefb_plan_0198,,,,A,
tefb_tefb_plan_0199,,,,A,
tefb_tefb_plan_0200,,,,D,
tefb_tefb_plan_0201,,,,B,
tefb_tefb_plan_0202,,,,C,
tefb_tefb_plan_0203,,,,B,
tefb_tefb_plan_0204,,,,D,
tefb_tefb_plan_0205,,,,D,
tefb_tefb_plan_0206,,,,D,
tefb_tefb_plan_0207,,,,C,
tefb_tefb_plan_0208,,,,C,
tefb_tefb_plan_0209,,,,D,
tefb_tefb_plan_0210,,,,B,
tefb_tefb_plan_0211,,,,B,
tefb_tefb_plan_0212,,,,B,
tefb_tefb_plan_0213,,,,A,
tefb_tefb_plan_0214,,,,B,
tefb_tefb_plan_0215,,,,C,
tefb_tefb_plan_0216,,,,A,
tefb_tefb_plan_0217,,,,C,
tefb_tefb_plan_0218,,,,C,
tefb_tefb_plan_0219,,,,A,
tefb_tefb_plan_0220,,,,A,
tefb_tefb_plan_0221,,,,A,
tefb_tefb_plan_0222,,,,B,
tefb_tefb_plan_0223,,,,C,
tefb_tefb_plan_0224,,,,C,
tefb_tefb_plan_0225,,,,A,
tefb_tefb_plan_0226,,,,C,
tefb_tefb_plan_0227,,,,B,
tefb_tefb_plan_0228,,,,C,
tefb_tefb_plan_0229,,,,A,
tefb_tefb_plan_0230,,,,C,
tefb_tefb_plan_0231,,,,B,
tefb_tefb_plan_0232,,,,A,
tefb_tefb_plan_0233,,,,A,
tefb_tefb_plan_0234,,,,B,
tefb_tefb_plan_0235,,,,B,
tefb_tefb_plan_0236,,,,C,
tefb_tefb_plan_0237,,,,A,
tefb_tefb_plan_0238,,,,A,
tefb_tefb_plan_0239,,,,A,
tefb_tefb_plan_0240,,,,B,
tefb_tefb_plan_0241,,,,B,
tefb_tefb_plan_0242,,,,B,
tefb_tefb_plan_0243,,,,C,
tefb_tefb_plan_0244,,,,C,
tefb_tefb_plan_0245,,,,A,
tefb_tefb_plan_0246,,,,A,
tefb_tefb_plan_0247,,,,D,
tefb_tefb_plan_0248,,,,A,
tefb_tefb_plan_0249,,,,D,
tefb_tefb_plan_0250,,,,B,
tefb_tefb_plan_0251,,,,C,
tefb_tefb_plan_0252,,,,D,
tefb_tefb_plan_0253,,,,B,
tefb_tefb_plan_0254,,,,D,
tefb_tefb_plan_0255,,,,A,
tefb_tefb_plan_0256,,,,C,
tefb_tefb_plan_0257,,,,B,
tefb_tefb_plan_0258,,,,A,
tefb_tefb_plan_0259,,,,C,
tefb_tefb_plan_0260,,,,D,
tefb_tefb_plan_0261,,,,D,
tefb_tefb_plan_0262,,,,B,
tefb_tefb_plan_0263,,,,D,
tefb_tefb_plan_0264,,,,A,
tefb_tefb_plan_0265,,,,C,
tefb_tefb_plan_0266,,,,D,
tefb_tefb_plan_0267,,,,A,
tefb_tefb_plan_0268,,,,C,
tefb_tefb_plan_0269,,,,D,
tefb_tefb_plan_0270,,,,C,
tefb_tefb_plan_0271,,,,B,
tefb_tefb_plan_0272,,,,D,
tefb_tefb_plan_0273,,,,A,
tefb_tefb_plan_0274,,,,B,
tefb_tefb_plan_0275,,,,C,
tefb_tefb_plan_0276,,,,D,
tefb_tefb_plan_0277,,,,B,
tefb_tefb_plan_0278,,,,D,
tefb_tefb_plan_0279,,,,A,
tefb_tefb_plan_0280,,,,B,
tefb_tefb_plan_0281,,,,B,
tefb_tefb_plan_0282,,,,C,
tefb_tefb_plan_0283,,,,A,
tefb_tefb_plan_0284,,,,B,
tefb_tefb_plan_0285,,,,D,
tefb_tefb_plan_0286,,,,A,
tefb_tefb_plan_0287,,,,C,
tefb_tefb_plan_0288,,,,D,
tefb_tefb_plan_0289,,,,C,
tefb_tefb_plan_0290,,,,A,
tefb_tefb_plan_0291,,,,D,
tefb_tefb_plan_0292,,,,A,
tefb_tefb_plan_0293,,,,A,
tefb_tefb_plan_0294,,,,D,
tefb_tefb_plan_0295,,,,D,
tefb_tefb_plan_0296,,,,D,
tefb_tefb_plan_0297,,,,D,
tefb_tefb_plan_0298,,,,A,
tefb_tefb_plan_0299,,,,D,
tefb_tefb_plan_0300,,,,B,
tefb_tefb_plan_0301,,,,B,
tefb_tefb_plan_0302,,,,C,
tefb_tefb_plan_0303,,,,C,
tefb_tefb_plan_0304,,,,C,
tefb_tefb_plan_0305,,,,C,
tefb_tefb_plan_0306,,,,C,
tefb_tefb_plan_0307,,,,C,
tefb_tefb_plan_0308,,,,B,
tefb_tefb_plan_0309,,,,A,
tefb_tefb_plan_0310,,,,D,
tefb_tefb_plan_0311,,,,A,
tefb_tefb_plan_0312,,,,B,
tefb_tefb_plan_0313,,,,A,
tefb_tefb_plan_0314,,,,B,
tefb_tefb_plan_0315,,,,A,
tefb_tefb_plan_0316,,,,B,
tefb_tefb_plan_0317,,,,B,
tefb_tefb_plan_0318,,,,A,
tefb_tefb_plan_0319,,,,C,
tefb_tefb_plan_0320,,,,B,
tefb_tefb_plan_0321,,,,B,
tefb_tefb_plan_0322,,,,A,
tefb_tefb_plan_0323,,,,D,
tefb_tefb_plan_0324,,,,A,
tefb_tefb_plan_0325,,,,D,
tefb_tefb_plan_0326,,,,D,
tefb_tefb_plan_0327,,,,B,
tefb_tefb_plan_0328,,,,B,
tefb_tefb_plan_0329,,,,C,
tefb_tefb_plan_0330,,,,C,
tefb_tefb_plan_0331,,,,A,
tefb_tefb_plan_0332,,,,A,
tefb_tefb_plan_0333,,,,D,
tefb_tefb_plan_0334,,,,B,
tefb_tefb_plan_0335,,,,D,
tefb_tefb_plan_0336,,,,C,
tefb_tefb_plan_0337,,,,A,
tefb_tefb_plan_0338,,,,B,
tefb_tefb_plan_0339,,,,C,
tefb_tefb_plan_0340,,,,A,
tefb_tefb_plan_0341,,,,A,
tefb_tefb_plan_0342,,,,A,
tefb_tefb_plan_0343,,,,A,
tefb_tefb_plan_0344,,,,D,
tefb_tefb_plan_0345,,,,C,
tefb_tefb_plan_0346,,,,B,
tefb_tefb_plan_0347,,,,D,
tefb_tefb_plan_0348,,,,D,
tefb_tefb_plan_0349,,,,C,
tefb_tefb_plan_0350,,,,D,
tefb_tefb_plan_0351,,,,D,
tefb_tefb_plan_0352,,,,C,
tefb_tefb_plan_0353,,,,B,
tefb_tefb_plan_0354,,,,B,
tefb_tefb_plan_0355,,,,B,
tefb_tefb_plan_0356,,,,D,
tefb_tefb_plan_0357,,,,B,
tefb_tefb_plan_0358,,,,D,
tefb_tefb_plan_0359,,,,D,
tefb_tefb_plan_0360,,,,B,
tefb_tefb_plan_0361,,,,C,
tefb_tefb_plan_0362,,,,C,
tefb_tefb_plan_0363,,,,A,
tefb_tefb_plan_0364,,,,B,
tefb_tefb_plan_0365,,,,C,
tefb_tefb_plan_0366,,,,D,
tefb_tefb_plan_0367,,,,C,
tefb_tefb_plan_0368,,,,D,
tefb_tefb_plan_0369,,,,B,
tefb_tefb_plan_0370,,,,B,
tefb_tefb_plan_0371,,,,B,
tefb_tefb_plan_0372,,,,C,
tefb_tefb_plan_0373,,,,D,
tefb_tefb_plan_0374,,,,B,
tefb_tefb_plan_0375,,,,B,
tefb_tefb_plan_0376,,,,B,
tefb_tefb_plan_0377,,,,A,
tefb_tefb_plan_0378,,,,D,
tefb_tefb_plan_0379,,,,C,
tefb_tefb_plan_0380,,,,B,
tefb_tefb_plan_0381,,,,D,
tefb_tefb_plan_0382,,,,C,
tefb_tefb_plan_0383,,,,C,
tefb_tefb_plan_0384,,,,C,
tefb_tefb_plan_0385,,,,D,
tefb_tefb_plan_0386,,,,B,
tefb_tefb_plan_0387,,,,A,
tefb_tefb_plan_0388,,,,B,
tefb_tefb_plan_0389,,,,A,
tefb_tefb_plan_0390,,,,D,
tefb_tefb_plan_0391,,,,C,
tefb_tefb_plan_0392,,,,C,
tefb_tefb_plan_0393,,,,B,
tefb_tefb_plan_0394,,,,D,
tefb_tefb_plan_0395,,,,B,
tefb_tefb_plan_0396,,,,D,
tefb_tefb_plan_0397,,,,C,
tefb_tefb_plan_0398,,,,A,
tefb_tefb_plan_0399,,,,C,
tefb_tefb_plan_0400,,,,D,
tefb_tefb_plan_0401,,,,C,
tefb_tefb_plan_0402,,,,D,
tefb_tefb_plan_0403,,,,D,
tefb_tefb_plan_0404,,,,D,
tefb_tefb_plan_0405,,,,D,
tefb_tefb_plan_0406,,,,C,
tefb_tefb_plan_0407,,,,D,
tefb_tefb_plan_0408,,,,A,
tefb_tefb_plan_0409,,,,D,
tefb_tefb_plan_0410,,,,C,
tefb_tefb_plan_0411,,,,C,
tefb_tefb_plan_0412,,,,B,
tefb_tefb_plan_0413,,,,B,
tefb_tefb_plan_0414,,,,D,
tefb_tefb_plan_0415,,,,A,
tefb_tefb_plan_0416,,,,D,
tefb_tefb_plan_0417,,,,C,
tefb_tefb_plan_0418,,,,A,
tefb_tefb_plan_0419,,,,A,
tefb_tefb_plan_0420,,,,D,
tefb_tefb_plan_0421,,,,A,
tefb_tefb_plan_0422,,,,A,
tefb_tefb_plan_0423,,,,B,
tefb_tefb_plan_0424,,,,A,
tefb_tefb_plan_0425,,,,D,
tefb_tefb_plan_0426,,,,D,
tefb_tefb_plan_0427,,,,D,
tefb_tefb_plan_0428,,,,A,
tefb_tefb_plan_0429,,,,D,
tefb_tefb_plan_0430,,,,B,
tefb_tefb_plan_0431,,,,B,
tefb_tefb_plan_0432,,,,D,
tefb_tefb_plan_0433,,,,A,
tefb_tefb_plan_0434,,,,A,
tefb_tefb_plan_0435,,,,B,
tefb_tefb_plan_0436,,,,C,
tefb_tefb_plan_0437,,,,A,
tefb_tefb_plan_0438,,,,A,
tefb_tefb_plan_0439,,,,A,
tefb_tefb_plan_0440,,,,C,
tefb_tefb_plan_0441,,,,D,
tefb_tefb_plan_0442,,,,A,
tefb_tefb_plan_0443,,,,C,
tefb_tefb_plan_0444,,,,A,
tefb_tefb_plan_0445,,,,C,
tefb_tefb_plan_0446,,,,B,
tefb_tefb_plan_0447,,,,A,
tefb_tefb_plan_0448,,,,C,
tefb_tefb_plan_0449,,,,D,
tefb_tefb_plan_0450,,,,A,
tefb_tefb_plan_0451,,,,B,
tefb_tefb_plan_0452,,,,B,
tefb_tefb_plan_0453,,,,B,
tefb_tefb_plan_0454,,,,D,
tefb_tefb_plan_0455,,,,C,
tefb_tefb_plan_0456,,,,B,
tefb_tefb_plan_0457,,,,D,
tefb_tefb_plan_0458,,,,A,
tefb_tefb_plan_0459,,,,B,
tefb_tefb_plan_0460,,,,D,
tefb_tefb_plan_0461,,,,B,
tefb_tefb_plan_0462,,,,B,
tefb_tefb_plan_0463,,,,A,
tefb_tefb_plan_0464,,,,A,
tefb_tefb_plan_0465,,,,B,
tefb_tefb_plan_0466,,,,A,
tefb_tefb_plan_0467,,,,D,
tefb_tefb_plan_0468,,,,C,
tefb_tefb_plan_0469,,,,A,
tefb_tefb_plan_0470,,,,D,
tefb_tefb_plan_0471,,,,C,
tefb_tefb_plan_0472,,,,D,
tefb_tefb_plan_0473,,,,A,
tefb_tefb_plan_0474,,,,C,
tefb_tefb_plan_0475,,,,A,
tefb_tefb_plan_0476,,,,D,
tefb_tefb_plan_0477,,,,A,
tefb_tefb_plan_0478,,,,C,
tefb_tefb_plan_0479,,,,C,
tefb_tefb_plan_0480,,,,C,
tefb_tefb_memory_0001,,,,C,
tefb_tefb_memory_0002,,,,C,
tefb_tefb_memory_0003,,,,B,
tefb_tefb_memory_0004,,,,B,
tefb_tefb_memory_0005,,,,C,
tefb_tefb_memory_0006,,,,A,
tefb_tefb_memory_0007,,,,A,
tefb_tefb_memory_0008,,,,D,
tefb_tefb_memory_0009,,,,B,
tefb_tefb_memory_0010,,,,A,
tefb_tefb_memory_0011,,,,B,
tefb_tefb_memory_0012,,,,C,
tefb_tefb_memory_0013,,,,C,
tefb_tefb_memory_0014,,,,D,
tefb_tefb_memory_0015,,,,C,
tefb_tefb_memory_0016,,,,B,
tefb_tefb_memory_0017,,,,D,
tefb_tefb_memory_0018,,,,C,
tefb_tefb_memory_0019,,,,A,
tefb_tefb_memory_0020,,,,D,
tefb_tefb_memory_0021,,,,D,
tefb_tefb_memory_0022,,,,B,
tefb_tefb_memory_0023,,,,D,
tefb_tefb_memory_0024,,,,C,
tefb_tefb_memory_0025,,,,B,
tefb_tefb_memory_0026,,,,C,
tefb_tefb_memory_0027,,,,A,
tefb_tefb_memory_0028,,,,C,
tefb_tefb_memory_0029,,,,B,
tefb_tefb_memory_0030,,,,B,
tefb_tefb_memory_0031,,,,C,
tefb_tefb_memory_0032,,,,B,
tefb_tefb_memory_0033,,,,B,
tefb_tefb_memory_0034,,,,D,
tefb_tefb_memory_0035,,,,D,
tefb_tefb_memory_0036,,,,A,
tefb_tefb_memory_0037,,,,A,
tefb_tefb_memory_0038,,,,C,
tefb_tefb_memory_0039,,,,B,
tefb_tefb_memory_0040,,,,B,
tefb_tefb_memory_0041,,,,B,
tefb_tefb_memory_0042,,,,B,
tefb_tefb_memory_0043,,,,D,
tefb_tefb_memory_0044,,,,D,
tefb_tefb_memory_0045,,,,D,
tefb_tefb_memory_0046,,,,A,
tefb_tefb_memory_0047,,,,B,
tefb_tefb_memory_0048,,,,D,
tefb_tefb_memory_0049,,,,A,
tefb_tefb_memory_0050,,,,A,
tefb_tefb_memory_0051,,,,B,
tefb_tefb_memory_0052,,,,D,
tefb_tefb_memory_0053,,,,A,
tefb_tefb_memory_0054,,,,D,
tefb_tefb_memory_0055,,,,D,
tefb_tefb_memory_0056,,,,B,
tefb_tefb_memory_0057,,,,A,
tefb_tefb_memory_0058,,,,D,
tefb_tefb_memory_0059,,,,A,
tefb_tefb_memory_0060,,,,D,
tefb_tefb_memory_0061,,,,D,
tefb_tefb_memory_0062,,,,B,
tefb_tefb_memory_0063,,,,C,
tefb_tefb_memory_0064,,,,D,
tefb_tefb_memory_0065,,,,B,
tefb_tefb_memory_0066,,,,D,
tefb_tefb_memory_0067,,,,B,
tefb_tefb_memory_0068,,,,A,
tefb_tefb_memory_0069,,,,C,
tefb_tefb_memory_0070,,,,C,
tefb_tefb_memory_0071,,,,D,
tefb_tefb_memory_0072,,,,A,
tefb_tefb_memory_0073,,,,D,
tefb_tefb_memory_0074,,,,B,
tefb_tefb_memory_0075,,,,A,
tefb_tefb_memory_0076,,,,C,
tefb_tefb_memory_0077,,,,A,
tefb_tefb_memory_0078,,,,B,
tefb_tefb_memory_0079,,,,D,
tefb_tefb_memory_0080,,,,C,
tefb_tefb_memory_0081,,,,A,
tefb_tefb_memory_0082,,,,A,
tefb_tefb_memory_0083,,,,A,
tefb_tefb_memory_0084,,,,B,
tefb_tefb_memory_0085,,,,A,
tefb_tefb_memory_0086,,,,D,
tefb_tefb_memory_0087,,,,A,
tefb_tefb_memory_0088,,,,A,
tefb_tefb_memory_0089,,,,C,
tefb_tefb_memory_0090,,,,C,
tefb_tefb_memory_0091,,,,D,
tefb_tefb_memory_0092,,,,A,
tefb_tefb_memory_0093,,,,B,
tefb_tefb_memory_0094,,,,B,
tefb_tefb_memory_0095,,,,D,
tefb_tefb_memory_0096,,,,D,
tefb_tefb_memory_0097,,,,C,
tefb_tefb_memory_0098,,,,C,
tefb_tefb_memory_0099,,,,D,
tefb_tefb_memory_0100,,,,C,
tefb_tefb_memory_0101,,,,D,
tefb_tefb_memory_0102,,,,B,
tefb_tefb_memory_0103,,,,C,
tefb_tefb_memory_0104,,,,D,
tefb_tefb_memory_0105,,,,D,
tefb_tefb_memory_0106,,,,D,
tefb_tefb_memory_0107,,,,D,
tefb_tefb_memory_0108,,,,C,
tefb_tefb_memory_0109,,,,D,
tefb_tefb_memory_0110,,,,A,
tefb_tefb_memory_0111,,,,B,
tefb_tefb_memory_0112,,,,D,
tefb_tefb_memory_0113,,,,D,
tefb_tefb_memory_0114,,,,D,
tefb_tefb_memory_0115,,,,B,
tefb_tefb_memory_0116,,,,C,
tefb_tefb_memory_0117,,,,D,
tefb_tefb_memory_0118,,,,C,
tefb_tefb_memory_0119,,,,C,
tefb_tefb_memory_0120,,,,B,
tefb_tefb_memory_0121,,,,C,
tefb_tefb_memory_0122,,,,B,
tefb_tefb_memory_0123,,,,A,
tefb_tefb_memory_0124,,,,D,
tefb_tefb_memory_0125,,,,C,
tefb_tefb_memory_0126,,,,B,
tefb_tefb_memory_0127,,,,C,
tefb_tefb_memory_0128,,,,D,
tefb_tefb_memory_0129,,,,D,
tefb_tefb_memory_0130,,,,C,
tefb_tefb_memory_0131,,,,D,
tefb_tefb_memory_0132,,,,B,
tefb_tefb_memory_0133,,,,C,
tefb_tefb_memory_0134,,,,C,
tefb_tefb_memory_0135,,,,B,
tefb_tefb_memory_0136,,,,C,
tefb_tefb_memory_0137,,,,A,
tefb_tefb_memory_0138,,,,C,
tefb_tefb_memory_0139,,,,A,
tefb_tefb_memory_0140,,,,B,
tefb_tefb_memory_0141,,,,B,
tefb_tefb_memory_0142,,,,C,
tefb_tefb_memory_0143,,,,B,
tefb_tefb_memory_0144,,,,B,
tefb_tefb_memory_0145,,,,C,
tefb_tefb_memory_0146,,,,C,
tefb_tefb_memory_0147,,,,B,
tefb_tefb_memory_0148,,,,D,
tefb_tefb_memory_0149,,,,A,
tefb_tefb_memory_0150,,,,D,
tefb_tefb_memory_0151,,,,C,
tefb_tefb_memory_0152,,,,B,
tefb_tefb_memory_0153,,,,D,
tefb_tefb_memory_0154,,,,D,
tefb_tefb_memory_0155,,,,B,
tefb_tefb_memory_0156,,,,D,
tefb_tefb_memory_0157,,,,C,
tefb_tefb_memory_0158,,,,D,
tefb_tefb_memory_0159,,,,A,
tefb_tefb_memory_0160,,,,A,
tefb_tefb_memory_0161,,,,C,
tefb_tefb_memory_0162,,,,B,
tefb_tefb_memory_0163,,,,C,
tefb_tefb_memory_0164,,,,D,
tefb_tefb_memory_0165,,,,D,
tefb_tefb_memory_0166,,,,D,
tefb_tefb_memory_0167,,,,A,
tefb_tefb_memory_0168,,,,B,
tefb_tefb_memory_0169,,,,B,
tefb_tefb_memory_0170,,,,D,
tefb_tefb_memory_0171,,,,B,
tefb_tefb_memory_0172,,,,B,
tefb_tefb_memory_0173,,,,C,
tefb_tefb_memory_0174,,,,A,
tefb_tefb_memory_0175,,,,B,
tefb_tefb_memory_0176,,,,A,
tefb_tefb_memory_0177,,,,C,
tefb_tefb_memory_0178,,,,C,
tefb_tefb_memory_0179,,,,D,
tefb_tefb_memory_0180,,,,D,
tefb_tefb_memory_0181,,,,A,
tefb_tefb_memory_0182,,,,C,
tefb_tefb_memory_0183,,,,C,
tefb_tefb_memory_0184,,,,B,
tefb_tefb_memory_0185,,,,C,
tefb_tefb_memory_0186,,,,C,
tefb_tefb_memory_0187,,,,A,
tefb_tefb_memory_0188,,,,A,
tefb_tefb_memory_0189,,,,C,
tefb_tefb_memory_0190,,,,D,
tefb_tefb_memory_0191,,,,A,
tefb_tefb_memory_0192,,,,D,
tefb_tefb_memory_0193,,,,B,
tefb_tefb_memory_0194,,,,A,
tefb_tefb_memory_0195,,,,B,
tefb_tefb_memory_0196,,,,A,
tefb_tefb_memory_0197,,,,C,
tefb_tefb_memory_0198,,,,A,
tefb_tefb_memory_0199,,,,D,
tefb_tefb_memory_0200,,,,B,
tefb_tefb_memory_0201,,,,B,
tefb_tefb_memory_0202,,,,B,
tefb_tefb_memory_0203,,,,D,
tefb_tefb_memory_0204,,,,C,
tefb_tefb_memory_0205,,,,B,
tefb_tefb_memory_0206,,,,B,
tefb_tefb_memory_0207,,,,A,
tefb_tefb_memory_0208,,,,B,
tefb_tefb_memory_0209,,,,D,
tefb_tefb_memory_0210,,,,D,
tefb_tefb_memory_0211,,,,C,
tefb_tefb_memory_0212,,,,C,
tefb_tefb_memory_0213,,,,C,
tefb_tefb_memory_0214,,,,D,
tefb_tefb_memory_0215,,,,D,
tefb_tefb_memory_0216,,,,D,
tefb_tefb_memory_0217,,,,C,
tefb_tefb_memory_0218,,,,C,
tefb_tefb_memory_0219,,,,A,
tefb_tefb_memory_0220,,,,C,
tefb_tefb_memory_0221,,,,A,
tefb_tefb_memory_0222,,,,C,
tefb_tefb_memory_0223,,,,A,
tefb_tefb_memory_0224,,,,B,
tefb_tefb_memory_0225,,,,C,
tefb_tefb_memory_0226,,,,C,
tefb_tefb_memory_0227,,,,A,
tefb_tefb_memory_0228,,,,C,
tefb_tefb_memory_0229,,,,C,
tefb_tefb_memory_0230,,,,B,
tefb_tefb_memory_0231,,,,D,
tefb_tefb_memory_0232,,,,B,
tefb_tefb_memory_0233,,,,D,
tefb_tefb_memory_0234,,,,B,
tefb_tefb_memory_0235,,,,B,
tefb_tefb_memory_0236,,,,A,
tefb_tefb_memory_0237,,,,B,
tefb_tefb_memory_0238,,,,D,
tefb_tefb_memory_0239,,,,D,
tefb_tefb_memory_0240,,,,B,
tefb_tefb_memory_0241,,,,D,
tefb_tefb_memory_0242,,,,D,
tefb_tefb_memory_0243,,,,A,
tefb_tefb_memory_0244,,,,B,
tefb_tefb_memory_0245,,,,B,
tefb_tefb_memory_0246,,,,C,
tefb_tefb_memory_0247,,,,A,
tefb_tefb_memory_0248,,,,D,
tefb_tefb_memory_0249,,,,C,
tefb_tefb_memory_0250,,,,C,
tefb_tefb_memory_0251,,,,D,
tefb_tefb_memory_0252,,,,A,
tefb_tefb_memory_0253,,,,D,
tefb_tefb_memory_0254,,,,C,
tefb_tefb_memory_0255,,,,C,
tefb_tefb_memory_0256,,,,D,
tefb_tefb_memory_0257,,,,A,
tefb_tefb_memory_0258,,,,B,
tefb_tefb_memory_0259,,,,C,
tefb_tefb_memory_0260,,,,C,
tefb_tefb_memory_0261,,,,A,
tefb_tefb_memory_0262,,,,B,
tefb_tefb_memory_0263,,,,A,
tefb_tefb_memory_0264,,,,C,
tefb_tefb_memory_0265,,,,C,
tefb_tefb_memory_0266,,,,A,
tefb_tefb_memory_0267,,,,D,
tefb_tefb_memory_0268,,,,D,
tefb_tefb_memory_0269,,,,C,
tefb_tefb_memory_0270,,,,C,
tefb_tefb_memory_0271,,,,D,
tefb_tefb_memory_0272,,,,D,
tefb_tefb_memory_0273,,,,D,
tefb_tefb_memory_0274,,,,A,
tefb_tefb_memory_0275,,,,B,
tefb_tefb_memory_0276,,,,B,
tefb_tefb_memory_0277,,,,B,
tefb_tefb_memory_0278,,,,D,
tefb_tefb_memory_0279,,,,A,
tefb_tefb_memory_0280,,,,B,
tefb_tefb_memory_0281,,,,B,
tefb_tefb_memory_0282,,,,A,
tefb_tefb_memory_0283,,,,D,
tefb_tefb_memory_0284,,,,D,
tefb_tefb_memory_0285,,,,D,
tefb_tefb_memory_0286,,,,B,
tefb_tefb_memory_0287,,,,D,
tefb_tefb_memory_0288,,,,C,
tefb_tefb_memory_0289,,,,D,
tefb_tefb_memory_0290,,,,A,
tefb_tefb_memory_0291,,,,D,
tefb_tefb_memory_0292,,,,B,
tefb_tefb_memory_0293,,,,A,
tefb_tefb_memory_0294,,,,D,
tefb_tefb_memory_0295,,,,A,
tefb_tefb_memory_0296,,,,D,
tefb_tefb_memory_0297,,,,D,
tefb_tefb_memory_0298,,,,D,
tefb_tefb_memory_0299,,,,B,
tefb_tefb_memory_0300,,,,A,
tefb_tefb_memory_0301,,,,C,
tefb_tefb_memory_0302,,,,B,
tefb_tefb_memory_0303,,,,C,
tefb_tefb_memory_0304,,,,C,
tefb_tefb_memory_0305,,,,D,
tefb_tefb_memory_0306,,,,C,
tefb_tefb_memory_0307,,,,D,
tefb_tefb_memory_0308,,,,A,
tefb_tefb_memory_0309,,,,A,
tefb_tefb_memory_0310,,,,D,
tefb_tefb_memory_0311,,,,B,
tefb_tefb_memory_0312,,,,C,
tefb_tefb_memory_0313,,,,A,
tefb_tefb_memory_0314,,,,B,
tefb_tefb_memory_0315,,,,D,
tefb_tefb_memory_0316,,,,A,
tefb_tefb_memory_0317,,,,C,
tefb_tefb_memory_0318,,,,D,
tefb_tefb_memory_0319,,,,A,
tefb_tefb_memory_0320,,,,A,
tefb_tefb_memory_0321,,,,C,
tefb_tefb_memory_0322,,,,B,
tefb_tefb_memory_0323,,,,A,
tefb_tefb_memory_0324,,,,C,
tefb_tefb_memory_0325,,,,D,
tefb_tefb_memory_0326,,,,C,
tefb_tefb_memory_0327,,,,C,
tefb_tefb_memory_0328,,,,A,
tefb_tefb_memory_0329,,,,D,
tefb_tefb_memory_0330,,,,C,
tefb_tefb_memory_0331,,,,C,
tefb_tefb_memory_0332,,,,D,
tefb_tefb_memory_0333,,,,D,
tefb_tefb_memory_0334,,,,A,
tefb_tefb_memory_0335,,,,C,
tefb_tefb_memory_0336,,,,D,
tefb_tefb_memory_0337,,,,C,
tefb_tefb_memory_0338,,,,A,
tefb_tefb_memory_0339,,,,B,
tefb_tefb_memory_0340,,,,B,
tefb_tefb_memory_0341,,,,C,
tefb_tefb_memory_0342,,,,D,
tefb_tefb_memory_0343,,,,D,
tefb_tefb_memory_0344,,,,A,
tefb_tefb_memory_0345,,,,B,
tefb_tefb_memory_0346,,,,D,
tefb_tefb_memory_0347,,,,A,
tefb_tefb_memory_0348,,,,C,
tefb_tefb_memory_0349,,,,B,
tefb_tefb_memory_0350,,,,A,
tefb_tefb_memory_0351,,,,C,
tefb_tefb_memory_0352,,,,A,
tefb_tefb_memory_0353,,,,C,
tefb_tefb_memory_0354,,,,B,
tefb_tefb_memory_0355,,,,C,
tefb_tefb_memory_0356,,,,B,
tefb_tefb_memory_0357,,,,D,
tefb_tefb_memory_0358,,,,B,
tefb_tefb_memory_0359,,,,A,
tefb_tefb_memory_0360,,,,D,
tefb_tefb_memory_0361,,,,D,
tefb_tefb_memory_0362,,,,D,
tefb_tefb_memory_0363,,,,A,
tefb_tefb_memory_0364,,,,C,
tefb_tefb_memory_0365,,,,D,
tefb_tefb_memory_0366,,,,B,
tefb_tefb_memory_0367,,,,A,
tefb_tefb_memory_0368,,,,C,
tefb_tefb_memory_0369,,,,C,
tefb_tefb_memory_0370,,,,C,
tefb_tefb_memory_0371,,,,D,
tefb_tefb_memory_0372,,,,A,
tefb_tefb_memory_0373,,,,A,
tefb_tefb_memory_0374,,,,B,
tefb_tefb_memory_0375,,,,A,
tefb_tefb_memory_0376,,,,D,
tefb_tefb_memory_0377,,,,D,
tefb_tefb_memory_0378,,,,A,
tefb_tefb_memory_0379,,,,A,
tefb_tefb_memory_0380,,,,A,
tefb_tefb_memory_0381,,,,A,
tefb_tefb_memory_0382,,,,D,
tefb_tefb_memory_0383,,,,D,
tefb_tefb_memory_0384,,,,C,
tefb_tefb_memory_0385,,,,C,
tefb_tefb_memory_0386,,,,D,
tefb_tefb_memory_0387,,,,B,
tefb_tefb_memory_0388,,,,A,
tefb_tefb_memory_0389,,,,A,
tefb_tefb_memory_0390,,,,C,
tefb_tefb_memory_0391,,,,A,
tefb_tefb_memory_0392,,,,A,
tefb_tefb_memory_0393,,,,D,
tefb_tefb_memory_0394,,,,D,
tefb_tefb_memory_0395,,,,A,
tefb_tefb_memory_0396,,,,A,
tefb_tefb_memory_0397,,,,A,
tefb_tefb_memory_0398,,,,A,
tefb_tefb_memory_0399,,,,B,
tefb_tefb_memory_0400,,,,C,
tefb_tefb_memory_0401,,,,A,
tefb_tefb_memory_0402,,,,C,
tefb_tefb_memory_0403,,,,A,
tefb_tefb_memory_0404,,,,A,
tefb_tefb_memory_0405,,,,B,
tefb_tefb_memory_0406,,,,C,
tefb_tefb_memory_0407,,,,B,
tefb_tefb_memory_0408,,,,B,
tefb_tefb_memory_0409,,,,D,
tefb_tefb_memory_0410,,,,D,
tefb_tefb_memory_0411,,,,C,
tefb_tefb_memory_0412,,,,D,
tefb_tefb_memory_0413,,,,B,
tefb_tefb_memory_0414,,,,C,
tefb_tefb_memory_0415,,,,B,
tefb_tefb_memory_0416,,,,D,
tefb_tefb_memory_0417,,,,A,
tefb_tefb_memory_0418,,,,D,
tefb_tefb_memory_0419,,,,A,
tefb_tefb_memory_0420,,,,D,
tefb_tefb_memory_0421,,,,C,
tefb_tefb_memory_0422,,,,C,
tefb_tefb_memory_0423,,,,B,
tefb_tefb_memory_0424,,,,A,
tefb_tefb_memory_0425,,,,A,
tefb_tefb_memory_0426,,,,C,
tefb_tefb_memory_0427,,,,D,
tefb_tefb_memory_0428,,,,A,
tefb_tefb_memory_0429,,,,C,
tefb_tefb_memory_0430,,,,D,
tefb_tefb_memory_0431,,,,A,
tefb_tefb_memory_0432,,,,D,
tefb_tefb_memory_0433,,,,D,
tefb_tefb_memory_0434,,,,C,
tefb_tefb_memory_0435,,,,A,
tefb_tefb_memory_0436,,,,C,
tefb_tefb_memory_0437,,,,B,
tefb_tefb_memory_0438,,,,B,
tefb_tefb_memory_0439,,,,D,
tefb_tefb_memory_0440,,,,C,
tefb_tefb_memory_0441,,,,C,
tefb_tefb_memory_0442,,,,D,
tefb_tefb_memory_0443,,,,D,
tefb_tefb_memory_0444,,,,A,
tefb_tefb_memory_0445,,,,B,
tefb_tefb_memory_0446,,,,D,
tefb_tefb_memory_0447,,,,B,
tefb_tefb_memory_0448,,,,A,
tefb_tefb_memory_0449,,,,B,
tefb_tefb_memory_0450,,,,A,
tefb_tefb_memory_0451,,,,C,
tefb_tefb_memory_0452,,,,D,
tefb_tefb_memory_0453,,,,D,
tefb_tefb_memory_0454,,,,D,
tefb_tefb_memory_0455,,,,C,
tefb_tefb_memory_0456,,,,C,
tefb_tefb_memory_0457,,,,B,
tefb_tefb_memory_0458,,,,C,
tefb_tefb_memory_0459,,,,A,
tefb_tefb_memory_0460,,,,B,
tefb_tefb_memory_0461,,,,D,
tefb_tefb_memory_0462,,,,D,
tefb_tefb_memory_0463,,,,B,
tefb_tefb_memory_0464,,,,C,
tefb_tefb_memory_0465,,,,D,
tefb_tefb_memory_0466,,,,A,
tefb_tefb_memory_0467,,,,C,
tefb_tefb_memory_0468,,,,D,
tefb_tefb_memory_0469,,,,B,
tefb_tefb_memory_0470,,,,A,
tefb_tefb_memory_0471,,,,D,
tefb_tefb_memory_0472,,,,C,
tefb_tefb_memory_0473,,,,A,
tefb_tefb_memory_0474,,,,D,
tefb_tefb_memory_0475,,,,A,
tefb_tefb_memory_0476,,,,D,
tefb_tefb_memory_0477,,,,C,
tefb_tefb_memory_0478,,,,A,
tefb_tefb_memory_0479,,,,C,
tefb_tefb_memory_0480,,,,C,
tefb_tefb_stroop_0001,,,,A,
tefb_tefb_stroop_0002,,,,C,
tefb_tefb_stroop_0003,,,,C,
tefb_tefb_stroop_0004,,,,D,
tefb_tefb_stroop_0005,,,,C,
tefb_tefb_stroop_0006,,,,B,
tefb_tefb_stroop_0008,,,,C,
tefb_tefb_stroop_0009,,,,B,
tefb_tefb_stroop_0012,,,,A,
tefb_tefb_stroop_0013,,,,A,
tefb_tefb_stroop_0022,,,,B,
tefb_tefb_stroop_0023,,,,A,
tefb_tefb_wisco_0001,,,,D,
tefb_tefb_wisco_0002,,,,A,
tefb_tefb_wisco_0003,,,,B,
tefb_tefb_wisco_0004,,,,D,
tefb_tefb_wisco_0005,,,,D,
tefb_tefb_wisco_0006,,,,C,
tefb_tefb_wisco_0007,,,,C,
tefb_tefb_wisco_0008,,,,D,
tefb_tefb_wisco_0009,,,,C,
tefb_tefb_wisco_0010,,,,D,
tefb_tefb_wisco_0012,,,,B,
tefb_tefb_wisco_0013,,,,A,
tefb_tefb_wisco_0014,,,,A,
tefb_tefb_wisco_0015,,,,A,
tefb_tefb_wisco_0016,,,,B,
tefb_tefb_wisco_0017,,,,A,
tefb_tefb_wisco_0018,,,,A,
tefb_tefb_wisco_0019,,,,C,
tefb_tefb_wisco_0020,,,,C,
tefb_tefb_wisco_0021,,,,D,
tefb_tefb_wisco_0022,,,,B,
tefb_tefb_wisco_0023,,,,A,
tefb_tefb_wisco_0024,,,,D,
tefb_tefb_wisco_0025,,,,D,
tefb_tefb_wisco_0026,,,,A,
tefb_tefb_wisco_0027,,,,C,
tefb_tefb_wisco_0028,,,,D,
tefb_tefb_wisco_0029,,,,A,
tefb_tefb_wisco_0030,,,,B,
tefb_tefb_wisco_0032,,,,D,
tefb_tefb_wisco_0033,,,,D,
tefb_tefb_wisco_0034,,,,B,
tefb_tefb_wisco_0035,,,,A,
tefb_tefb_wisco_0036,,,,C,
tefb_tefb_wisco_0037,,,,B,
tefb_tefb_wisco_0038,,,,A,
tefb_tefb_wisco_0039,,,,B,
tefb_tefb_wisco_0040,,,,C,
tefb_tefb_wisco_0041,,,,C,
tefb_tefb_wisco_0042,,,,A,
tefb_tefb_wisco_0043,,,,A,
tefb_tefb_wisco_0045,,,,D,
tefb_tefb_wisco_0046,,,,D,
tefb_tefb_wisco_0047,,,,B,
tefb_tefb_wisco_0048,,,,B,
tefb_tefb_wisco_0049,,,,A,
tefb_tefb_wisco_0050,,,,B,
tefb_tefb_wisco_0051,,,,B,
tefb_tefb_wisco_0052,,,,A,
tefb_tefb_wisco_0053,,,,B,
tefb_tefb_wisco_0054,,,,C,
tefb_tefb_wisco_0055,,,,B,
tefb_tefb_wisco_0056,,,,C,
tefb_tefb_wisco_0057,,,,C,
tefb_tefb_wisco_0058,,,,B,
tefb_tefb_wisco_0059,,,,A,
tefb_tefb_wisco_0060,,,,D,
tefb_tefb_wisco_0061,,,,B,
tefb_tefb_wisco_0062,,,,C,
tefb_tefb_wisco_0063,,,,B,
tefb_tefb_wisco_0064,,,,B,
tefb_tefb_wisco_0065,,,,D,
tefb_tefb_wisco_0066,,,,B,
tefb_tefb_wisco_0067,,,,A,
tefb_tefb_wisco_0068,,,,D,
tefb_tefb_wisco_0069,,,,C,
tefb_tefb_wisco_0070,,,,A,
tefb_tefb_wisco_0071,,,,B,
tefb_tefb_wisco_0072,,,,A,
tefb_tefb_wisco_0073,,,,B,
tefb_tefb_wisco_0074,,,,B,
tefb_tefb_wisco_0075,,,,D,
tefb_tefb_wisco_0076,,,,D,
tefb_tefb_wisco_0077,,,,B,
tefb_tefb_wisco_0078,,,,D,
tefb_tefb_wisco_0079,,,,A,
tefb_tefb_wisco_0080,,,,D,
tefb_tefb_wisco_0081,,,,C,
tefb_tefb_wisco_0082,,,,A,
tefb_tefb_wisco_0083,,,,C,
tefb_tefb_wisco_0084,,,,C,
tefb_tefb_wisco_0085,,,,B,
tefb_tefb_wisco_0086,,,,B,
tefb_tefb_wisco_0087,,,,D,
tefb_tefb_wisco_0088,,,,B,
tefb_tefb_wisco_0089,,,,D,
tefb_tefb_wisco_0090,,,,A,
tefb_tefb_wisco_0091,,,,B,
tefb_tefb_wisco_0092,,,,B,
tefb_tefb_wisco_0093,,,,C,
tefb_tefb_wisco_0094,,,,C,
tefb_tefb_wisco_0095,,,,A,
tefb_tefb_wisco_0096,,,,B,
tefb_tefb_wisco_0097,,,,B,
tefb_tefb_wisco_0098,,,,C,
tefb_tefb_wisco_0099,,,,B,
tefb_tefb_wisco_0101,,,,A,
tefb_tefb_wisco_0102,,,,B,
tefb_tefb_wisco_0103,,,,C,
tefb_tefb_wisco_0104,,,,A,
tefb_tefb_wisco_0105,,,,D,
tefb_tefb_wisco_0106,,,,D,
tefb_tefb_wisco_0107,,,,B,
tefb_tefb_wisco_0108,,,,A,
tefb_tefb_wisco_0109,,,,B,
tefb_tefb_wisco_0111,,,,A,
tefb_tefb_wisco_0113,,,,B,
tefb_tefb_wisco_0114,,,,A,
tefb_tefb_wisco_0116,,,,D,
tefb_tefb_wisco_0117,,,,D,
tefb_tefb_wisco_0118,,,,C,
tefb_tefb_wisco_0119,,,,B,
tefb_tefb_wisco_0120,,,,B,
tefb_tefb_wisco_0121,,,,D,
tefb_tefb_wisco_0122,,,,D,
tefb_tefb_wisco_0123,,,,B,
tefb_tefb_wisco_0124,,,,D,
tefb_tefb_wisco_0125,,,,A,
tefb_tefb_wisco_0129,,,,C,
tefb_tefb_wisco_0131,,,,A,
tefb_tefb_wisco_0132,,,,D,
tefb_tefb_wisco_0133,,,,B,
tefb_tefb_wisco_0134,,,,C,
tefb_tefb_wisco_0135,,,,A,
tefb_tefb_wisco_0136,,,,D,
tefb_tefb_wisco_0137,,,,B,
tefb_tefb_wisco_0138,,,,C,
tefb_tefb_wisco_0139,,,,B,
tefb_tefb_wisco_0140,,,,C,
tefb_tefb_wisco_0141,,,,A,
tefb_tefb_wisco_0142,,,,A,
tefb_tefb_wisco_0143,,,,C,
tefb_tefb_wisco_0144,,,,A,
tefb_tefb_wisco_0145,,,,D,
tefb_tefb_wisco_0146,,,,C,
tefb_tefb_wisco_0147,,,,B,
tefb_tefb_wisco_0150,,,,B,
tefb_tefb_wisco_0151,,,,A,
tefb_tefb_wisco_0152,,,,C,
tefb_tefb_wisco_0153,,,,A,
tefb_tefb_wisco_0154,,,,B,
tefb_tefb_wisco_0155,,,,B,
tefb_tefb_wisco_0157,,,,C,
tefb_tefb_wisco_0158,,,,A,
tefb_tefb_wisco_0159,,,,C,
tefb_tefb_wisco_0160,,,,A,
tefb_tefb_wisco_0161,,,,D,
tefb_tefb_wisco_0162,,,,A,
tefb_tefb_wisco_0163,,,,D,
tefb_tefb_wisco_0164,,,,D,
tefb_tefb_wisco_0165,,,,D,
tefb_tefb_wisco_0166,,,,C,
tefb_tefb_wisco_0167,,,,C,
tefb_tefb_wisco_0168,,,,A,
tefb_tefb_wisco_0169,,,,D,
tefb_tefb_wisco_0170,,,,C,
tefb_tefb_wisco_0171,,,,D,
tefb_tefb_wisco_0172,,,,A,
tefb_tefb_wisco_0174,,,,B,
tefb_tefb_wisco_0175,,,,C,
tefb_tefb_wisco_0176,,,,B,
tefb_tefb_wisco_0177,,,,D,
tefb_tefb_wisco_0178,,,,A,
tefb_tefb_wisco_0179,,,,D,
tefb_tefb_wisco_0180,,,,B,
tefb_tefb_wisco_0181,,,,C,
tefb_tefb_wisco_0182,,,,C,
tefb_tefb_wisco_0183,,,,B,
tefb_tefb_wisco_0184,,,,C,
tefb_tefb_wisco_0185,,,,C,
tefb_tefb_wisco_0186,,,,B,
tefb_tefb_wisco_0187,,,,D,
tefb_tefb_wisco_0188,,,,B,
tefb_tefb_wisco_0189,,,,B,
tefb_tefb_wisco_0190,,,,A,
tefb_tefb_wisco_0191,,,,D,
tefb_tefb_wisco_0192,,,,A,
tefb_tefb_wisco_0193,,,,C,
tefb_tefb_wisco_0194,,,,B,
tefb_tefb_wisco_0196,,,,C,
tefb_tefb_wisco_0198,,,,A,
tefb_tefb_wisco_0201,,,,B,
tefb_tefb_wisco_0202,,,,D,
tefb_tefb_wisco_0203,,,,D,
tefb_tefb_wisco_0204,,,,C,
tefb_tefb_wisco_0205,,,,D,
tefb_tefb_wisco_0206,,,,C,
tefb_tefb_wisco_0207,,,,C,
tefb_tefb_wisco_0209,,,,A,
tefb_tefb_wisco_0210,,,,B,
tefb_tefb_wisco_0211,,,,B,
tefb_tefb_wisco_0212,,,,C,
tefb_tefb_wisco_0213,,,,C,
tefb_tefb_wisco_0215,,,,B,
tefb_tefb_wisco_0216,,,,A,
tefb_tefb_wisco_0217,,,,A,
tefb_tefb_wisco_0219,,,,B,
tefb_tefb_wisco_0220,,,,A,
tefb_tefb_wisco_0221,,,,C,
tefb_tefb_wisco_0222,,,,A,
tefb_tefb_wisco_0223,,,,C,
tefb_tefb_wisco_0224,,,,D,
tefb_tefb_wisco_0226,,,,A,
tefb_tefb_wisco_0227,,,,A,
tefb_tefb_wisco_0229,,,,C,
tefb_tefb_wisco_0230,,,,D,
tefb_tefb_wisco_0233,,,,D,
tefb_tefb_wisco_0235,,,,D,
tefb_tefb_wisco_0236,,,,C,
tefb_tefb_wisco_0239,,,,D,
tefb_tefb_wisco_0240,,,,B,
tefb_tefb_wisco_0241,,,,D,
tefb_tefb_wisco_0242,,,,C,
tefb_tefb_wisco_0243,,,,D,
tefb_tefb_wisco_0244,,,,D,
tefb_tefb_wisco_0245,,,,D,
tefb_tefb_wisco_0246,,,,D,
tefb_tefb_wisco_0248,,,,A,
tefb_tefb_wisco_0249,,,,B,
tefb_tefb_wisco_0250,,,,A,
tefb_tefb_wisco_0251,,,,B,
tefb_tefb_wisco_0252,,,,A,
tefb_tefb_wisco_0254,,,,C,
tefb_tefb_wisco_0255,,,,D,
tefb_tefb_wisco_0256,,,,A,
tefb_tefb_wisco_0257,,,,B,
tefb_tefb_wisco_0258,,,,D,
tefb_tefb_wisco_0259,,,,B,
tefb_tefb_wisco_0261,,,,C,
tefb_tefb_wisco_0262,,,,C,
tefb_tefb_wisco_0263,,,,A,
tefb_tefb_wisco_0264,,,,C,
tefb_tefb_wisco_0265,,,,C,
tefb_tefb_wisco_0266,,,,C,
tefb_tefb_wisco_0267,,,,B,
tefb_tefb_wisco_0268,,,,C,
tefb_tefb_wisco_0270,,,,A,
tefb_tefb_wisco_0271,,,,A,
tefb_tefb_wisco_0272,,,,D,
tefb_tefb_wisco_0273,,,,D,
tefb_tefb_wisco_0274,,,,A,
tefb_tefb_wisco_0275,,,,D,
tefb_tefb_wisco_0276,,,,C,
tefb_tefb_wisco_0277,,,,C,
tefb_tefb_wisco_0278,,,,B,
tefb_tefb_wisco_0279,,,,A,
tefb_tefb_wisco_0280,,,,A,
tefb_tefb_wisco_0281,,,,A,
tefb_tefb_wisco_0283,,,,A,
tefb_tefb_wisco_0284,,,,D,
tefb_tefb_wisco_0285,,,,B,
tefb_tefb_wisco_0286,,,,B,
tefb_tefb_wisco_0287,,,,D,
tefb_tefb_wisco_0289,,,,C,
tefb_tefb_wisco_0290,,,,D,
tefb_tefb_wisco_0291,,,,D,
tefb_tefb_wisco_0293,,,,C,
tefb_tefb_wisco_0294,,,,B,
tefb_tefb_wisco_0295,,,,D,
tefb_tefb_wisco_0296,,,,B,
tefb_tefb_wisco_0297,,,,C,
tefb_tefb_wisco_0298,,,,B,
tefb_tefb_wisco_0299,,,,D,
tefb_tefb_wisco_0301,,,,A,
tefb_tefb_wisco_0303,,,,C,
tefb_tefb_wisco_0304,,,,D,
tefb_tefb_wisco_0305,,,,D,
tefb_tefb_wisco_0308,,,,C,
tefb_tefb_wisco_0309,,,,B,
tefb_tefb_wisco_0310,,,,C,
tefb_tefb_wisco_0314,,,,B,
tefb_tefb_wisco_0315,,,,D,
tefb_tefb_wisco_0316,,,,D,
tefb_tefb_wisco_0318,,,,A,
tefb_tefb_wisco_0320,,,,B,
tefb_tefb_wisco_0322,,,,D,
tefb_tefb_wisco_0323,,,,C,
tefb_tefb_wisco_0324,,,,D,
tefb_tefb_wisco_0325,,,,C,
tefb_tefb_wisco_0326,,,,C,
tefb_tefb_wisco_0327,,,,A,
tefb_tefb_wisco_0328,,,,B,
tefb_tefb_wisco_0329,,,,B,
tefb_tefb_wisco_0330,,,,B,
tefb_tefb_wisco_0331,,,,C,
tefb_tefb_wisco_0332,,,,B,
tefb_tefb_wisco_0333,,,,C,
tefb_tefb_wisco_0335,,,,A,
tefb_tefb_wisco_0336,,,,D,
tefb_tefb_wisco_0337,,,,B,
tefb_tefb_wisco_0338,,,,A,
tefb_tefb_wisco_0340,,,,B,
tefb_tefb_wisco_0341,,,,D,
tefb_tefb_wisco_0342,,,,B,
tefb_tefb_wisco_0344,,,,C,
tefb_tefb_wisco_0345,,,,C,
tefb_tefb_wisco_0346,,,,A,
tefb_tefb_wisco_0347,,,,D,
tefb_tefb_wisco_0350,,,,A,
tefb_tefb_wisco_0352,,,,B,
tefb_tefb_wisco_0354,,,,A,
tefb_tefb_wisco_0355,,,,A,
tefb_tefb_wisco_0356,,,,B,
tefb_tefb_wisco_0357,,,,A,
tefb_tefb_wisco_0358,,,,C,
tefb_tefb_wisco_0363,,,,D,
tefb_tefb_wisco_0364,,,,B,
tefb_tefb_wisco_0366,,,,C,
tefb_tefb_wisco_0367,,,,B,
tefb_tefb_wisco_0368,,,,A,
tefb_tefb_wisco_0369,,,,B,
tefb_tefb_wisco_0370,,,,D,
tefb_tefb_wisco_0371,,,,D,
tefb_tefb_wisco_0372,,,,C,
tefb_tefb_wisco_0374,,,,A,
tefb_tefb_wisco_0375,,,,D,
tefb_tefb_wisco_0379,,,,D,
tefb_tefb_wisco_0380,,,,D,
tefb_tefb_wisco_0381,,,,D,
tefb_tefb_wisco_0384,,,,C,
tefb_tefb_wisco_0385,,,,C,
tefb_tefb_wisco_0386,,,,B,
tefb_tefb_wisco_0387,,,,C,
tefb_tefb_wisco_0388,,,,A,
tefb_tefb_wisco_0391,,,,A,
tefb_tefb_wisco_0392,,,,A,
tefb_tefb_wisco_0393,,,,A,
tefb_tefb_wisco_0394,,,,C,
tefb_tefb_wisco_0395,,,,B,
tefb_tefb_wisco_0396,,,,B,
tefb_tefb_wisco_0397,,,,A,
tefb_tefb_wisco_0399,,,,C,
tefb_tefb_wisco_0400,,,,A,
tefb_tefb_wisco_0402,,,,B,
tefb_tefb_wisco_0403,,,,A,
tefb_tefb_wisco_0404,,,,C,
tefb_tefb_wisco_0405,,,,A,
tefb_tefb_wisco_0407,,,,C,
tefb_tefb_wisco_0408,,,,D,
tefb_tefb_wisco_0410,,,,A,
tefb_tefb_wisco_0411,,,,B,
tefb_tefb_wisco_0412,,,,B,
tefb_tefb_wisco_0415,,,,B,
tefb_tefb_wisco_0416,,,,B,
tefb_tefb_wisco_0417,,,,A,
tefb_tefb_wisco_0418,,,,B,
tefb_tefb_wisco_0419,,,,B,
tefb_tefb_wisco_0420,,,,C,
tefb_tefb_wisco_0422,,,,D,
tefb_tefb_wisco_0423,,,,D,
tefb_tefb_wisco_0425,,,,C,
tefb_tefb_wisco_0426,,,,B,
tefb_tefb_wisco_0429,,,,A,
tefb_tefb_wisco_0431,,,,C,
tefb_tefb_wisco_0432,,,,A,
tefb_tefb_wisco_0435,,,,A,
tefb_tefb_wisco_0436,,,,D,
tefb_tefb_wisco_0437,,,,B,
tefb_tefb_wisco_0440,,,,D,
tefb_tefb_wisco_0442,,,,C,
tefb_tefb_wisco_0443,,,,A,
tefb_tefb_wisco_0445,,,,A,
tefb_tefb_wisco_0447,,,,A,
tefb_tefb_wisco_0449,,,,A,
tefb_tefb_wisco_0450,,,,A,
tefb_tefb_wisco_0452,,,,D,
tefb_tefb_wisco_0454,,,,A,
tefb_tefb_wisco_0455,,,,B,
tefb_tefb_wisco_0456,,,,D,
tefb_tefb_wisco_0463,,,,C,
tefb_tefb_wisco_0464,,,,D,
tefb_tefb_wisco_0465,,,,A,
tefb_tefb_wisco_0466,,,,B,
tefb_tefb_wisco_0467,,,,A,
tefb_tefb_wisco_0468,,,,A,
tefb_tefb_wisco_0469,,,,D,
tefb_tefb_wisco_0471,,,,A,
tefb_tefb_wisco_0475,,,,C,
tefb_tefb_wisco_0477,,,,C,
tefb_tefb_wisco_0479,,,,D,
tefb_tefb_wisco_0480,,,,A,
tefb_tefb_conflict_0001,,,,C,
tefb_tefb_conflict_0002,,,,B,
tefb_tefb_conflict_0003,,,,D,
tefb_tefb_conflict_0006,,,,B,
tefb_tefb_conflict_0009,,,,C,
tefb_tefb_conflict_0012,,,,A,
tefb_tefb_conflict_0015,,,,B,
tefb_tefb_conflict_0018,,,,A,
tefb_tefb_conflict_0021,,,,B,
tefb_tefb_conflict_0024,,,,C,
tefb_tefb_conflict_0027,,,,A,
tefb_tefb_conflict_0030,,,,A,
tefb_tefb_conflict_0033,,,,A,
tefb_tefb_conflict_0036,,,,D,
tefb_tefb_conflict_0039,,,,B,
tefb_tefb_conflict_0042,,,,C,
tefb_tefb_conflict_0045,,,,B,
tefb_tefb_conflict_0048,,,,C,
tefb_tefb_conflict_0051,,,,A,
tefb_tefb_conflict_0054,,,,C,
tefb_tefb_conflict_0057,,,,C,
tefb_tefb_conflict_0060,,,,D,
tefb_tefb_conflict_0063,,,,C,
tefb_tefb_conflict_0066,,,,D,
tefb_tefb_conflict_0069,,,,A,
tefb_tefb_conflict_0072,,,,C,
tefb_tefb_conflict_0075,,,,C,
tefb_tefb_conflict_0078,,,,C,
tefb_tefb_conflict_0081,,,,D,
tefb_tefb_conflict_0084,,,,A,
tefb_tefb_conflict_0087,,,,C,
tefb_tefb_conflict_0090,,,,C,
tefb_tefb_conflict_0093,,,,D,
tefb_tefb_conflict_0096,,,,C,
tefb_tefb_conflict_0099,,,,D,
tefb_tefb_conflict_0102,,,,C,
tefb_tefb_conflict_0105,,,,A,
tefb_tefb_conflict_0108,,,,B,
tefb_tefb_conflict_0111,,,,D,
tefb_tefb_conflict_0114,,,,B,
tefb_tefb_conflict_0117,,,,D,
tefb_tefb_conflict_0120,,,,A,
tefb_tefb_conflict_0123,,,,A,
tefb_tefb_conflict_0126,,,,C,
tefb_tefb_conflict_0129,,,,B,
tefb_tefb_conflict_0132,,,,C,
tefb_tefb_conflict_0135,,,,B,
tefb_tefb_conflict_0138,,,,B,
tefb_tefb_conflict_0141,,,,D,
tefb_tefb_conflict_0144,,,,B,
tefb_tefb_conflict_0147,,,,B,
tefb_tefb_conflict_0150,,,,A,
tefb_tefb_conflict_0153,,,,B,
tefb_tefb_conflict_0156,,,,A,
tefb_tefb_conflict_0159,,,,D,
tefb_tefb_conflict_0162,,,,A,
tefb_tefb_conflict_0165,,,,B,
tefb_tefb_conflict_0168,,,,B,
tefb_tefb_conflict_0171,,,,C,
tefb_tefb_conflict_0174,,,,C,
tefb_tefb_conflict_0177,,,,A,
tefb_tefb_conflict_0180,,,,C,
tefb_tefb_conflict_0183,,,,B,
tefb_tefb_conflict_0186,,,,D,
tefb_tefb_conflict_0189,,,,B,
tefb_tefb_conflict_0192,,,,C,
tefb_tefb_conflict_0195,,,,D,
tefb_tefb_conflict_0198,,,,B,
tefb_tefb_conflict_0201,,,,C,
tefb_tefb_conflict_0204,,,,C,
tefb_tefb_conflict_0207,,,,D,
tefb_tefb_conflict_0210,,,,D,
tefb_tefb_conflict_0213,,,,B,
tefb_tefb_conflict_0216,,,,C,
tefb_tefb_conflict_0219,,,,B,
tefb_tefb_conflict_0222,,,,A,
tefb_tefb_conflict_0225,,,,D,
tefb_tefb_conflict_0228,,,,C,
tefb_tefb_conflict_0231,,,,C,
tefb_tefb_conflict_0234,,,,C,
tefb_tefb_conflict_0237,,,,D,
tefb_tefb_conflict_0240,,,,D,
tefb_tefb_conflict_0243,,,,B,
tefb_tefb_conflict_0246,,,,A,
tefb_tefb_conflict_0252,,,,B,
tefb_tefb_conflict_0255,,,,A,
tefb_tefb_conflict_0258,,,,C,
tefb_tefb_conflict_0261,,,,D,
tefb_tefb_conflict_0264,,,,B,
tefb_tefb_conflict_0267,,,,D,
tefb_tefb_conflict_0270,,,,B,
tefb_tefb_conflict_0273,,,,B,
tefb_tefb_conflict_0276,,,,D,
tefb_tefb_conflict_0279,,,,D,
tefb_tefb_conflict_0282,,,,D,
tefb_tefb_conflict_0285,,,,C,
tefb_tefb_conflict_0288,,,,C,
tefb_tefb_conflict_0291,,,,C,
tefb_tefb_conflict_0294,,,,B,
tefb_tefb_conflict_0297,,,,D,
tefb_tefb_conflict_0300,,,,B,
tefb_tefb_conflict_0303,,,,A,
tefb_tefb_conflict_0306,,,,B,
tefb_tefb_conflict_0309,,,,B,
tefb_tefb_conflict_0312,,,,B,
tefb_tefb_conflict_0315,,,,C,
tefb_tefb_conflict_0318,,,,C,
tefb_tefb_conflict_0321,,,,B,
tefb_tefb_conflict_0324,,,,B,
tefb_tefb_conflict_0327,,,,D,
tefb_tefb_conflict_0330,,,,B,
tefb_tefb_conflict_0333,,,,C,
tefb_tefb_conflict_0336,,,,C,
tefb_tefb_conflict_0339,,,,D,
tefb_tefb_conflict_0342,,,,B,
tefb_tefb_conflict_0345,,,,B,
tefb_tefb_conflict_0348,,,,D,
tefb_tefb_conflict_0351,,,,A,
tefb_tefb_conflict_0354,,,,A,
tefb_tefb_conflict_0357,,,,D,
tefb_tefb_conflict_0360,,,,A,
tefb_tefb_conflict_0363,,,,D,
tefb_tefb_conflict_0366,,,,D,
tefb_tefb_conflict_0369,,,,D,
tefb_tefb_conflict_0372,,,,A,
tefb_tefb_conflict_0375,,,,A,
tefb_tefb_conflict_0378,,,,C,
tefb_tefb_conflict_0381,,,,D,
tefb_tefb_conflict_0384,,,,B,
tefb_tefb_conflict_0387,,,,D,
tefb_tefb_conflict_0390,,,,D,
tefb_tefb_conflict_0393,,,,D,
tefb_tefb_conflict_0396,,,,B,
tefb_tefb_conflict_0399,,,,B,
tefb_tefb_conflict_0402,,,,B,
tefb_tefb_conflict_0405,,,,B,
tefb_tefb_conflict_0408,,,,A,
tefb_tefb_conflict_0411,,,,C,
tefb_tefb_conflict_0417,,,,A,
tefb_tefb_conflict_0420,,,,B,
tefb_tefb_conflict_0423,,,,B,
tefb_tefb_conflict_0426,,,,D,
tefb_tefb_conflict_0429,,,,B,
tefb_tefb_conflict_0432,,,,D,
tefb_tefb_conflict_0435,,,,D,
tefb_tefb_conflict_0438,,,,D,
tefb_tefb_conflict_0441,,,,C,
tefb_tefb_conflict_0444,,,,D,
tefb_tefb_conflict_0447,,,,D,
tefb_tefb_conflict_0450,,,,C,
tefb_tefb_conflict_0453,,,,D,
tefb_tefb_conflict_0456,,,,C,
tefb_tefb_conflict_0459,,,,B,
tefb_tefb_conflict_0462,,,,B,
tefb_tefb_conflict_0465,,,,C,
tefb_tefb_conflict_0468,,,,B,
tefb_tefb_conflict_0471,,,,D,
tefb_tefb_conflict_0474,,,,C,
tefb_tefb_conflict_0477,,,,C,
tscp_tscp_tom_0001,,,,,D
tscp_tscp_tom_0002,,,,,C
tscp_tscp_tom_0003,,,,,D
tscp_tscp_nested_0001,,,,,D
tscp_tscp_nested_0002,,,,,C
tscp_tscp_nested_0003,,,,,A
tscp_tscp_pragmatic_0001,,,,,A
tscp_tscp_pragmatic_0002,,,,,B
tscp_tscp_pragmatic_0003,,,,,C
tscp_tscp_norms_0001,,,,,D
tscp_tscp_norms_0002,,,,,D
tscp_tscp_norms_0003,,,,,D
tscp_tscp_negotiation_0001,,,,,A
tscp_tscp_negotiation_0002,,,,,C
tscp_tscp_negotiation_0003,,,,,C
tscp_tscp_emotion_0001,,,,,B
tscp_tscp_emotion_0002,,,,,B
tscp_tscp_deception_0001,,,,,A
tscp_tscp_deception_0002,,,,,D
tscp_tscp_cooperation_0001,,,,,D
tscp_tscp_cooperation_0002,,,,,A
tscp_tscp_perspective_0001,,,,,A
tscp_tscp_perspective_0002,,,,,A
tscp_tscp_social_learning_0001,,,,,A
tscp_tscp_social_learning_0002,,,,,B
